<configuration>
    <!-- 引用 Spring Boot 的 logback 基础配置 -->
    <include resource="org/springframework/boot/logging/logback/defaults.xml" />

    <!-- 格式化输出：只输出日志消息 -->
    <property name="PATTERN_DEFAULT" value="%d{${LOG_DATEFORMAT_PATTERN:-yyyy-MM-dd HH:mm:ss.SSS}} | %highlight(${LOG_LEVEL_PATTERN:-%5p} ${PID:- }) | %boldYellow(%thread [%tid]) %boldGreen(%-40.40logger{39}) | %m%n${LOG_EXCEPTION_CONVERSION_WORD:-%wEx}"/>

    <!-- 控制台 Appender -->
    <appender name="STDOUT" class="ch.qos.logback.core.ConsoleAppender">
        <encoder class="ch.qos.logback.core.encoder.LayoutWrappingEncoder">
            <layout class="org.apache.skywalking.apm.toolkit.log.logback.v1.x.TraceIdPatternLogbackLayout">
                <pattern>${PATTERN_DEFAULT}</pattern>
            </layout>
        </encoder>
    </appender>

    <!-- 异步写入控制台日志 -->
    <appender name="ASYNC" class="ch.qos.logback.classic.AsyncAppender">
        <discardingThreshold>0</discardingThreshold>
        <queueSize>1024</queueSize>
        <appender-ref ref="STDOUT"/>
    </appender>

    <!-- SkyWalking GRPC 日志收集 -->
    <appender name="GRPC" class="org.apache.skywalking.apm.toolkit.log.logback.v1.x.log.GRPCLogClientAppender">
        <encoder class="ch.qos.logback.core.encoder.LayoutWrappingEncoder">
            <layout class="org.apache.skywalking.apm.toolkit.log.logback.v1.x.TraceIdPatternLogbackLayout">
                <pattern>${PATTERN_DEFAULT}</pattern>
            </layout>
        </encoder>
    </appender>

    <!-- 本地环境 -->
    <springProfile name="local">
        <root level="INFO">
            <appender-ref ref="ASYNC"/>
            <appender-ref ref="GRPC"/>
        </root>
    </springProfile>

    <!-- 其它环境 -->
    <springProfile name="dev,test,stage,prod,default">
        <root level="INFO">
            <appender-ref ref="ASYNC"/>
            <appender-ref ref="GRPC"/>
        </root>
    </springProfile>
</configuration>
